{
  "global_step": 14,
  "max_steps": 27,
  "progress": 0.5185185185185185,
  "epoch": 1.5555555555555556,
  "loss": 6.9381,
  "learning_rate": 1.523809523809524e-05,
  "timestamp": "2025-07-19T18:18:20.252352"
}