{
  "global_step": 226,
  "max_steps": 904,
  "progress": 0.25,
  "epoch": 2.0,
  "loss": 6.2376,
  "learning_rate": 1.8084577114427863e-05,
  "timestamp": "2025-07-19T19:41:02.383656"
}