{
  "global_step": 904,
  "max_steps": 904,
  "progress": 1.0,
  "epoch": 8.0,
  "loss": 3.3162,
  "learning_rate": 3.7313432835820895e-07,
  "timestamp": "2025-07-19T20:58:51.516697"
}