{
  "global_step": 21,
  "max_steps": 27,
  "progress": 0.7777777777777778,
  "epoch": 2.3333333333333335,
  "loss": 6.7818,
  "learning_rate": 7.61904761904762e-06,
  "timestamp": "2025-07-19T18:18:25.608896"
}