{
  "global_step": 227,
  "max_steps": 904,
  "progress": 0.25110619469026546,
  "epoch": 2.0088495575221237,
  "loss": null,
  "learning_rate": null,
  "timestamp": "2025-07-19T20:29:58.801196"
}