{
  "global_step": 678,
  "max_steps": 904,
  "progress": 0.75,
  "epoch": 6.0,
  "loss": 3.5551,
  "learning_rate": 7.014925373134329e-06,
  "timestamp": "2025-07-19T20:48:46.919517"
}