{
  "global_step": 452,
  "max_steps": 904,
  "progress": 0.5,
  "epoch": 4.0,
  "loss": 3.922,
  "learning_rate": 1.1442786069651741e-05,
  "timestamp": "2025-07-19T20:38:48.447712"
}