{
  "global_step": 7,
  "max_steps": 27,
  "progress": 0.25925925925925924,
  "epoch": 0.7777777777777778,
  "loss": 6.669,
  "learning_rate": 1.6666666666666667e-05,
  "timestamp": "2025-07-19T18:18:14.889475"
}